country,sector,year,d_ln_bankruptcies,d_profit_share_pp
BE,B-E,2016,-0.17554457251493094,-0.14085665607499465
BE,B-E,2017,0.04543588716791014,0.6410328112705033
BE,B-E,2018,-0.06712348418268821,-0.25774884642152385
BE,B-E,2019,0.10401978780752952,1.4175424826385563
BE,B-E,2020,-0.42095214330932595,-0.7771186884878434
BE,B-E,2021,-0.04971031982430141,-3.2145185519269592
BE,B-E,2022,0.4037060927029854,8.984077889116172
BE,B-E,2023,0.09722895237894669,-1.3391450933472604
BE,F,2016,-0.1187835359899676,0.34330570281462247
BE,F,2017,0.10468461161046516,-0.1735677886198106
BE,F,2018,0.034881463562030035,-0.15786831259976264
BE,F,2019,0.08177404914256403,1.4357549216721388
BE,F,2020,-0.39827083247413686,0.45814201968628065
BE,F,2021,0.06504242641404367,1.5467917831561206
BE,F,2022,0.3250724931564859,2.218766289093854
BE,F,2023,0.13273489716226283,-0.5514132149662343
BE,G,2016,-0.051293294387551036,2.7111811943856035
BE,G,2017,0.06618190688130099,-2.1079211183030355
BE,G,2018,-0.06198022002760073,0.47387465582151567
BE,G,2019,0.03501902629958131,0.40430653722505205
BE,G,2020,-0.4141055684714372,1.9113553077231171
BE,G,2021,-0.1536403455472355,3.5765046754572483
BE,G,2022,0.3666252747919003,-0.7339411244465244
BE,G,2023,0.03645604196098695,-1.1717003802886539
BE,H,2016,-0.08338160893905133,-0.11051841888513048
BE,H,2017,0.19938528469535743,0.0494360382551462
BE,H,2018,-0.04368301417668086,0.35682957180024344
BE,H,2019,0.10079195612901959,-0.9564846935084304
BE,H,2020,-0.3009459892185298,-3.2040211745406166
BE,H,2021,0.1298313741725572,2.568910958884163
BE,H,2022,0.306221721006656,0.18968994323554922
BE,H,2023,0.11573996707500012,2.0292315278129247
BE,I,2016,0.05732506661926884,-1.288414515639813
BE,I,2017,0.08850538159227028,-0.38462662164233663
BE,I,2018,-0.06794390955446872,-0.0040334241729333975
BE,I,2019,0.02105340919783316,0.13777173184329472
BE,I,2020,-0.3959991821192821,-5.9031486372944535
BE,I,2021,-0.26857462599660753,5.932876433789169
BE,I,2022,0.43438557365103136,0.558619342163813
BE,I,2023,0.2054276847842056,0.5763755416242633
BE,J,2016,-0.0408219945202557,1.0886463100116206
BE,J,2017,0.04978173589172741,-0.7801872507529617
BE,J,2018,0.05589123094814408,-0.5456226266878916
BE,J,2019,-0.047011054191285595,0.7577770454245902
BE,J,2020,-0.2510338052960419,0.4958686702267845
BE,J,2021,-0.22409096967024933,0.0004332249224470175
BE,J,2022,0.3739032478989097,-0.7815458493903638
BE,J,2023,-0.061644163111206574,-1.1601358445350374
BE,P-S,2016,-0.010050335853502013,0.10521688761797598
BE,P-S,2017,0.032789822822991255,-0.600903616242543
BE,P-S,2018,0.2788454906512827,0.7815358957234952
BE,P-S,2019,0.18330726411871368,-0.1615749125311039
BE,P-S,2020,-0.4313514748114562,-4.673140541519349
BE,P-S,2021,-0.15115359579503007,4.193781333354085
BE,P-S,2022,0.44191150173767735,-1.081728990035824
BE,P-S,2023,0.05581882891089229,1.1672905243721776
BG,B-E,2016,-0.20702416943432667,0.09894266774292948
BG,B-E,2017,0.12364256049527533,-2.9098349667033285
BG,B-E,2018,-0.24234853115025956,-5.616677230853007
BG,B-E,2019,0.0721273812903922,0.0430454797455071
BG,B-E,2020,-0.0721273812903922,-1.0056444066452563
BG,B-E,2021,-0.2155546911613886,1.3767431560806953
BG,B-E,2022,0.38228909976024106,14.059947272812279
BG,B-E,2023,-0.4424842605436634,-7.87511667541162
BG,F,2016,-0.3410828491788971,-0.1596265078460446
BG,F,2017,0.09518231074207062,0.047309802953621194
BG,F,2018,-0.07018100853665299,-0.7412967724339969
BG,F,2019,-0.0858896718804294,-0.16746796532253194
BG,F,2020,-0.3424692560935876,2.9409853633091565
BG,F,2021,0.06519619955654221,-6.223901957096201
BG,F,2022,0.14821594430744334,7.4103578696829375
BG,F,2023,-0.005115100666770012,1.4710924323911856
BG,G,2016,0.34217025773585075,-1.8838267144306586
BG,G,2017,0.2826980820707998,1.7270476192484119
BG,G,2018,-0.03541639558547072,0.5966578664378885
BG,G,2019,0.1283878489291368,1.5762129127062763
BG,G,2020,-0.1457309409674279,-1.4098783807200643
BG,G,2021,0.09057912089234765,5.070904118663099
BG,G,2022,0.09858503653230866,-1.1164464072545677
BG,G,2023,-0.1696049979974541,-0.24162368089579722
BG,H,2016,-0.1381133021296348,-3.345241440532787
BG,H,2017,0.06661730042456426,-6.337918988124991
BG,H,2018,-0.10763066419236544,0.819777550683709
BG,H,2019,0.07042724897409425,0.05067767445993132
BG,H,2020,-0.5019465421248603,-3.8626657177671775
BG,H,2021,-0.01671348097374059,2.321282288452131
BG,H,2022,0.20423939667505753,1.1279033505699032
BG,H,2023,-0.25218721908472963,-0.19621404565884903
BG,I,2016,-0.3285040669720365,-5.61254461892251
BG,I,2017,0.19268434382950161,2.4122040933282074
BG,I,2018,-0.11264163615596523,3.801473854126991
BG,I,2019,-0.240928983747426,-1.4205808555959543
BG,I,2020,-0.2301008128536215,-6.895848027731488
BG,I,2021,-0.07237199759955582,14.58568635232622
BG,I,2022,0.43518820956037096,3.9763845526652575
BG,I,2023,-0.2972515234679318,-0.5343446068996838
BG,J,2016,-0.3453111852884181,4.079344750635194
BG,J,2017,-0.10567443812155641,-4.59713324118447
BG,J,2018,-0.1181755773689801,2.156034239336868
BG,J,2019,0.1181755773689801,2.7469770359132117
BG,J,2020,-0.3453023160694846,0.8165172254043784
BG,J,2021,0.07679678357991149,-3.108185090422988
BG,J,2022,0.18163685974563704,-4.373399198887451
BG,J,2023,-0.14732471475685838,1.873014807413731
BG,K-N,2016,-0.4652151125139392,0.17425958065293568
BG,K-N,2017,0.018928009885518904,-1.0222158345122523
BG,K-N,2018,-0.14792013007662153,-0.29551053228624724
BG,K-N,2019,0.03559094510270189,-0.2368467208481384
BG,K-N,2020,-0.3477241134186473,-1.297546629242663
BG,K-N,2021,0.10560800978110407,2.0510455343792033
BG,K-N,2022,0.1448809954236343,0.17729828814645465
BG,K-N,2023,-0.1696849727894425,-0.783542788735847
BG,P-S,2016,-0.507497833673316,-1.3769103293994833
BG,P-S,2017,0.3151259410258591,-1.3851589804107833
BG,P-S,2018,-0.22162954648299404,-0.2724072798512611
BG,P-S,2019,-0.0835789578855195,0.8267192694120462
BG,P-S,2020,-0.22602599102868393,-0.7957733656107746
BG,P-S,2021,0.13661940331309896,-4.218852042194666
BG,P-S,2022,0.17298554560110446,2.8555877084787795
BG,P-S,2023,-0.6160180580720476,-1.2110956526579675
HR,B-E,2016,1.2041727843286019,0.4973636798558112
HR,B-E,2017,-0.37955884102635107,-1.6432578865701486
HR,B-E,2018,-0.2975213470723883,-2.832966063001019
HR,B-E,2019,-0.20791185671871126,0.9649757156960592
HR,B-E,2020,-0.4368387829793843,-4.485298718361697
HR,B-E,2021,0.19183744164248395,3.477300037090747
HR,B-E,2022,0.18587450716005538,4.0685021737872695
HR,B-E,2023,-0.2441805561780166,1.7896608769030653
HR,F,2016,1.3742217798856213,1.7161629394203404
HR,F,2017,-0.39439302720747893,-0.6010337780983255
HR,F,2018,-0.33063345964738033,1.4119400414851158
HR,F,2019,-0.3876005553423001,5.028156963778596
HR,F,2020,-0.3298735784417568,-2.2230325174610988
HR,F,2021,0.46099637603895616,3.0581764653243915
HR,F,2022,0.28582349288492104,-8.102838862815197
HR,F,2023,-0.156775464366258,11.631712837832264
HR,G,2016,1.4904291258518976,-0.21707543373478133
HR,G,2017,-0.37168746588862245,0.5901296546303003
HR,G,2018,-0.3417129954226281,1.087102133569684
HR,G,2019,-0.25052656138964924,0.966207044854539
HR,G,2020,-0.3729230152226979,-4.256167092394547
HR,G,2021,0.21453023363609525,6.520379135552923
HR,G,2022,-0.003466207976486224,1.0858298491762786
HR,G,2023,-0.2539965935008457,4.96870551180505
HR,H,2016,1.516445045584935,4.849674717124186
HR,H,2017,-0.25656460932070324,3.2211687080194173
HR,H,2018,-0.2714551066308779,-8.150143576699731
HR,H,2019,-0.14127033659406152,-0.7684400598892971
HR,H,2020,-0.1288275139490489,2.5954331674269526
HR,H,2021,0.4673795164287995,6.617990470109691
HR,H,2022,0.36334376689996173,5.180950293497089
HR,H,2023,-0.1806658218426822,-3.1016031204698535
HR,I,2016,1.9375899174395945,0.23285044789765896
HR,I,2017,-0.1444980029777616,-0.7090079747825495
HR,I,2018,-0.16071903074523686,-2.0618940167967725
HR,I,2019,-0.12319739322089074,2.956844933929703
HR,I,2020,-0.20273635462527917,-30.19413462324334
HR,I,2021,0.2819794093395984,25.68516265312596
HR,I,2022,-0.1595437365550163,9.342299144791655
HR,I,2023,-0.230417185017183,-0.7813856589466539
HR,J,2016,1.7491998548092589,-0.10041960602786837
HR,J,2017,-0.19993666541122934,-0.23327560053378882
HR,J,2018,-0.5582361114098582,-0.10103709675450823
HR,J,2019,-0.243865309121988,-1.2320950228266958
HR,J,2020,-0.3050433431099844,-0.6736069969075276
HR,J,2021,0.1939291627631734,2.0052215108778415
HR,J,2022,0.1560395398954757,-0.9428907861815605
HR,J,2023,-0.24860072240930986,-2.2493976377525593
HR,P-S,2016,1.621959192987772,0.4921703282423473
HR,P-S,2017,-0.24369700356514556,0.6863225063387879
HR,P-S,2018,-0.2407497517969608,-0.6685925842128015
HR,P-S,2019,-0.4403732357961836,2.2673036680655123
HR,P-S,2020,-0.16768811394032657,-4.290097106771073
HR,P-S,2021,0.16768811394032657,0.314554603481354
HR,P-S,2022,0.29833232791911435,0.8478063143780745
HR,P-S,2023,-0.3679301062866456,1.6631003147675294
CY,B-E,2016,-1.4481697648379783,1.9328923899621597
CY,B-E,2017,0.0,-1.351411883536091
CY,B-E,2018,-1.3820480702384397,1.5927505330490366
CY,B-E,2019,1.7889306130275773,2.823972554290166
CY,B-E,2020,-0.18288828959461512,0.5273656877354926
CY,B-E,2021,-0.22399425319452249,-2.5237553598974505
CY,F,2016,-1.1520130653952254,5.2641224171897205
CY,F,2017,0.4054651081081646,1.0708604978568181
CY,F,2018,-0.25312438352614564,1.5707062489614287
CY,F,2019,0.5408064559779264,-4.746292201187929
CY,F,2020,-1.3862943611198908,-7.295067106757102
CY,F,2021,-1.092303119474845,-3.8940164402094024
CY,F,2022,1.6018621186256428,-3.9075587512961807
CY,F,2023,0.18358818140914757,7.780313048560828
CY,G,2016,-0.46203545959655923,4.397390733385298
CY,G,2017,-0.26985254927981694,4.092116029654013
CY,G,2018,-0.9555114450274367,-2.226908196808819
CY,G,2019,0.5877866649021191,-2.2696443070520766
CY,G,2020,0.10536051565782634,1.609437753976295
CY,G,2021,0.09531017980432521,13.239210214140218
CY,H,2016,0.0,-2.578420359273015
CY,H,2017,-1.0996127890016938,-2.071228025852323
CY,H,2018,1.0996127890016938,0.14662517261715413
CY,H,2019,-0.40496523306651344,-0.44539003722703363
CY,I,2016,-0.11765804346823305,2.4986761667196045
CY,I,2017,0.11765804346823305,-0.9420584750897465
CY,I,2018,-1.0996127890016938,4.0151414597998425
CY,I,2021,-1.611238092938248,36.46979192307684
CY,I,2022,0.6931471805599454,6.603842365932011
CY,I,2023,0.0,2.3284215874859293
CY,J,2016,0.0,8.887293358433269
CY,J,2022,0.0,-3.8333715181369854
CY,J,2023,0.0,-8.746398575931869
CY,K-N,2016,-0.15431736038435773,-1.6723558318144427
CY,K-N,2017,-0.0864811261685734,-2.0254656690098516
CY,K-N,2018,0.0864811261685734,-2.080568750506595
CY,K-N,2019,-0.0864811261685734,-0.7439887468199124
CY,K-N,2020,-0.09607383008962156,1.8584910564616752
CY,K-N,2021,-0.22349375268357452,1.5150385337140193
CY,K-N,2022,0.3195675827731961,0.9354607594038722
CY,K-N,2023,-2.404276915387891,-0.13058153816314366
CY,P-S,2016,0.4054651081081637,0.6496160151951647
CY,P-S,2017,-0.4054651081081637,0.858369563454553
CY,P-S,2018,0.0,0.26681026071151415
DK,B-E,2016,0.15785808461557949,0.3097145255471667
DK,B-E,2017,-0.014623916529671988,0.6732150601939657
DK,B-E,2018,0.08150810459199853,0.5146905522964929
DK,B-E,2019,0.23836261487667265,0.7103508241205647
DK,B-E,2020,-0.40767018066647864,-3.040791757962258
DK,B-E,2021,0.30013963160659873,1.6818436962727779
DK,B-E,2022,0.0,5.062121048807533
DK,B-E,2023,-0.049561309358194805,0.4691527721191524
DK,F,2016,0.3667242797917334,4.133101672111872
DK,F,2017,-0.07107403769077614,0.7070772707154283
DK,F,2018,0.18554057653534262,-1.3491266238111033
DK,F,2019,0.1302038600513864,-3.3928918782468287
DK,F,2020,-0.13516049969131494,-3.366681637777713
DK,F,2021,0.20129162066061657,1.5341857242355927
DK,F,2022,0.058201828438074976,-1.6237277692594754
DK,F,2023,0.011907737748951597,-2.4106480726754254
DK,G,2016,0.37912113276856196,-1.1169183804614846
DK,G,2017,0.046799983906984366,0.4844273972517521
DK,G,2018,0.03592432486872532,-1.09333899663685
DK,G,2019,0.14737650407791225,-3.653301203919823
DK,G,2020,-0.46685470433526266,7.088551546983613
DK,G,2021,0.26974240953991124,-1.2245754075203452
DK,G,2022,0.03896596853338341,-7.780955693310165
DK,G,2023,-0.09971477024525299,3.5351446608061665
DK,H,2016,0.34854196070854293,-7.52745401181496
DK,H,2017,0.290149034055343,4.586069422265815
DK,H,2018,0.19638968168472548,-4.399854858999552
DK,H,2019,0.403293554594657,5.202061353180854
DK,H,2020,-0.5387480843856141,-0.22056416342471907
DK,H,2021,0.43788629096801124,22.390526214012276
DK,H,2022,-0.05232316928969727,12.705596787143714
DK,H,2023,-0.09119702879796154,-27.5944930803975
DK,I,2016,0.25851069515150105,3.32984417226011
DK,I,2017,0.02892134604507035,-2.127167575368971
DK,I,2018,0.2349268183830917,0.2236817612774722
DK,I,2019,0.05817937659762773,-1.6741307520538928
DK,I,2020,-0.17841202933464118,-32.50001923204611
DK,I,2021,0.1750487974648749,11.66063784098591
DK,I,2022,0.019461275871576866,13.641568868689314
DK,I,2023,-0.019461275871576866,4.595839943267022
DK,J,2016,0.7016112589720747,1.0766058313420146
DK,J,2017,0.21827300841221042,-0.15564761865561882
DK,J,2018,0.0425264001034229,-2.3428226482058223
DK,J,2019,0.23695152428054467,1.9659475963062056
DK,J,2020,-0.724993105012878,-0.5730846460281103
DK,J,2021,0.6358423377560865,-1.2066199839987135
DK,J,2022,-0.10225350411148248,-2.0480081338902223
DK,J,2023,-0.22909186443749618,1.1202880841951424
DK,K-N,2016,0.6097655716208941,0.8348108176519653
DK,K-N,2017,0.0065005646030931175,-0.830085394574942
DK,K-N,2018,0.191548119314084,-0.3350864805233389
DK,K-N,2019,0.23140182317338187,-1.089791024212361
DK,K-N,2020,-0.4564419556328785,0.17883086504342227
DK,K-N,2021,0.6587834415746325,1.683400549321501
DK,K-N,2022,-0.16621390292445248,-3.2392838337218954
DK,K-N,2023,-0.20321382564037016,0.6131410899877898
DK,P-S,2016,0.5247285289349817,0.1320335587783994
DK,P-S,2017,0.03830996627794292,0.016486324701303623
DK,P-S,2018,0.19636448112408544,-0.3597759958992697
DK,P-S,2019,0.21477923395292198,-0.11346094355839664
DK,P-S,2020,-0.47401316671247073,-0.5856135878885893
DK,P-S,2021,0.43278212918980064,-1.37779530249994
DK,P-S,2022,-0.06291382541056922,-0.30818033646753396
DK,P-S,2023,-0.18593091144889673,0.00925214959427434
EE,B-E,2016,0.20457216572877357,0.3073540938527075
EE,B-E,2017,-0.16055528031199984,-0.27503961703123636
EE,B-E,2018,-0.3014931158114891,0.40958598087011966
EE,B-E,2019,0.25747623039471534,-3.1378541767871027
EE,B-E,2020,0.342880232916543,-2.1898573523995712
EE,B-E,2021,-0.8688194944925822,6.695641901121718
EE,B-E,2022,0.4798953230746319,3.71821952490049
EE,B-E,2023,0.5104066878570563,-6.761282358464637
EE,F,2016,0.2561914053604095,3.2102151201414686
EE,F,2017,-0.2561914053604095,0.3355109318665117
EE,F,2018,-0.08664780672567218,-0.20093924887657488
EE,F,2019,0.166382774744525,0.2613374253590317
EE,F,2020,-0.21326636064337556,-1.0366395216079405
EE,F,2021,-0.21177979266389535,0.037026104985338204
EE,F,2022,-0.059654047778095354,2.366452042412226
EE,F,2023,0.661156638426923,-0.6312302511350065
EE,G,2016,0.20782684720231615,1.8703708990960966
EE,G,2017,0.17197851412527054,1.294693663648061
EE,G,2018,-0.204172792684429,0.23415050105868307
EE,G,2019,-0.06677816373107603,-0.4448865055239115
EE,G,2020,-0.2760903242879955,0.8209192133868393
EE,G,2021,-0.045957301085127966,0.2778766802257526
EE,G,2022,-0.479953960098904,-0.040020341365309964
EE,G,2023,0.525911261184032,-3.721243758360826
EE,H,2016,-0.08664780672567218,-4.218149016848072
EE,H,2017,-0.09607383008962245,0.5080694659792218
EE,H,2018,0.0,-0.9375588082308428
EE,H,2019,0.09607383008962245,-0.2770270724863577
EE,H,2020,0.0,-4.058768841324678
EE,H,2021,-0.6064993738342737,5.485321147956245
EE,H,2022,-0.6931471805599454,0.07017577553766197
EE,H,2023,0.6931471805599454,-7.852524215369461
EE,I,2016,-0.3368723166425527,-0.3399757180649332
EE,I,2017,0.3368723166425527,0.12242365836873104
EE,I,2018,0.0,0.60973348577259
EE,I,2019,0.4517123592734835,0.520509084104015
EE,I,2020,0.08711746090210415,-24.41937722949319
EE,I,2021,0.15431736038435684,8.289788431840684
EE,I,2022,-1.0300194972024972,19.64892772088257
EE,I,2023,0.3368723166425527,-4.410422586300699
EE,J,2016,1.38629436111989,-1.7806751995160797
EE,J,2019,0.2231435513142097,-0.575845814414
EE,J,2020,0.1823215567939549,-2.080653290098
EE,J,2021,-0.6931471805599454,-7.367696419242742
EE,J,2022,-0.4054651081081646,0.832990520289878
EE,J,2023,0.6931471805599454,7.128100669316484
EE,K-N,2016,-0.23698895813626297,-0.46474236838394134
EE,K-N,2017,-0.3094638432728791,0.2137627326193492
EE,K-N,2018,0.205369952230245,-0.3839075638382594
EE,K-N,2019,0.10409389104263411,-0.024260300008394076
EE,K-N,2020,0.1546937154094321,-1.1399919595906027
EE,K-N,2021,-0.5601588235175967,-0.10120650946396914
EE,K-N,2022,0.26265670488484094,-0.3379524921687249
EE,K-N,2023,-0.03875298629723378,-0.6798509631235516
EE,P-S,2016,0.0,-0.9148676473031747
EE,P-S,2017,0.182321556793954,0.6297882828159573
EE,P-S,2018,-0.6931471805599454,-0.1455581777007442
EE,P-S,2019,0.6931471805599454,-1.1318963266734872
EE,P-S,2020,-0.182321556793954,-0.032611290759732015
EE,P-S,2021,0.0,1.808307878927684
EE,P-S,2022,0.0,1.4332549908359304
EE,P-S,2023,0.4700036292457348,-1.922695123700402
FR,B-E,2016,-0.09982033528221113,-0.5199763117756384
FR,B-E,2017,-0.05800374991135637,-0.8633411171074079
FR,B-E,2018,0.005837728195685621,0.501179158902465
FR,B-E,2019,-0.13170369418436234,2.612723813978335
FR,B-E,2020,-0.4885003367181544,-2.0091810014279288
FR,B-E,2021,-0.14911288579730142,-0.04536179168430632
FR,B-E,2022,0.5027529260408796,-0.7838571995270383
FR,B-E,2023,0.26772745792223596,10.604488782980548
FR,F,2016,-0.1461825101780816,-0.293847133640035
FR,F,2017,-0.12039059906346505,0.7645967865328007
FR,F,2018,-0.021108963210235032,0.20183825228206054
FR,F,2019,-0.07042246429654586,2.234362584789684
FR,F,2020,-0.5912260492040282,-0.6463500866420224
FR,F,2021,-0.013004084423206663,-1.691789099102281
FR,F,2022,0.3274563979395926,-0.8179717055656566
FR,F,2023,0.3337731796520482,2.7556488071250773
FR,G,2016,-0.09431067947124205,-0.9178596529766936
FR,G,2017,-0.036937607138712636,-1.2288743449304529
FR,G,2018,-0.039540034370327604,-0.24914878275942298
FR,G,2019,-0.03869890388644226,2.3615667708321353
FR,G,2020,-0.4937102915467224,0.6765685542054367
FR,G,2021,-0.13844967246494289,-0.07044452741220564
FR,G,2022,0.4366819558118764,-2.050638304784025
FR,G,2023,0.2725760450207675,1.0485445875058619
FR,H,2016,-0.003004509020299473,-1.2435880828406853
FR,H,2017,0.047977874663030384,0.9771169466785135
FR,H,2018,0.11203038316693359,-2.3504647864431627
FR,H,2019,0.023649750883592446,4.450194596440193
FR,H,2020,-0.5387580364415845,-2.680275281869249
FR,H,2021,-0.03939240171066061,12.583202011683836
FR,H,2022,0.39147886613342475,7.107157832181732
FR,H,2023,0.2660719776598697,-10.689392845224388
FR,I,2016,-0.08446915662644994,-0.3781607894722705
FR,I,2017,-0.05824714557514543,-1.119169784004037
FR,I,2018,0.0,-1.4317057661602073
FR,I,2019,-0.06553863661886439,5.242652175676121
FR,I,2020,-0.48289423907681295,-21.091627468438944
FR,I,2021,-0.4832648241871196,2.330369791510578
FR,I,2022,0.7234283786744178,16.30817326078323
FR,I,2023,0.3751839099936918,1.3632757312904809
FR,J,2016,-0.014098924379502442,-0.36264744060239273
FR,J,2017,-0.01945785914934106,-0.31772019127653817
FR,J,2018,-0.06958397539067018,-0.9588947390745006
FR,J,2019,-0.010027939186124435,0.6113394938407235
FR,J,2020,-0.34728071833528595,-0.8579344561294278
FR,J,2021,-0.07057891464258681,-1.1787812821693278
FR,J,2022,0.33744358201084523,-2.060627466607956
FR,J,2023,0.37507262511804207,0.9072175743044641
FR,K-N,2016,-0.03149066709137127,-0.641543051702731
FR,K-N,2017,-0.1112256351102241,-1.3608483338984678
FR,K-N,2018,0.03957554328208168,-0.02664485844638964
FR,K-N,2019,-0.044199828979196276,0.6923023011290663
FR,K-N,2020,-0.40952897436868785,1.2851093849496231
FR,K-N,2021,-0.03191760296830548,-1.818217714909165
FR,K-N,2022,0.25889324397461255,-0.9683215267473844
FR,K-N,2023,0.3178213400268213,-0.9226843884913349
FR,P-S,2016,-0.054456185796059486,0.42000502486475577
FR,P-S,2017,-0.017039815909011047,0.09516096626328574
FR,P-S,2018,-0.01624291260293642,-0.0775390887416405
FR,P-S,2019,-0.025429783797631167,0.5407303594053281
FR,P-S,2020,-0.4883112939284837,-1.4063908468824105
FR,P-S,2021,-0.20371669233444667,1.4655699673729816
FR,P-S,2022,0.476692617396532,-0.9155481997215165
FR,P-S,2023,0.2824601284706292,-1.1810347565547774
DE,B-E,2016,-0.09211528890780585,1.1449066373443229
DE,B-E,2017,0.004376374599798893,-0.08749687666332884
DE,B-E,2018,-0.13540463700620364,-1.9128076738122002
DE,B-E,2019,0.04997993230502118,-1.3401496033300875
DE,B-E,2020,-0.07915130960530092,-1.2051066678956723
DE,B-E,2021,-0.3328751104403631,2.8238233323794937
DE,B-E,2022,0.10876584200619455,2.4086713003283466
DE,B-E,2023,0.1820531364460809,3.7803018756613516
DE,F,2016,-0.04709160753385078,1.6689443363221756
DE,F,2017,-0.11307714461897067,0.48251329649955377
DE,F,2018,0.010507977598414264,1.0501566376350802
DE,F,2019,-0.09113771199852394,-0.6480550656875472
DE,F,2020,-0.19615728864660475,1.925676241543739
DE,F,2021,-0.03144913268250349,0.21736672638980048
DE,F,2022,0.10743503966042578,0.783497968834812
DE,F,2023,0.12017138166868246,0.7351364506573477
DE,G,2016,-0.12556322297534628,0.5193796872324241
DE,G,2017,-0.04167269640056759,2.3191084264381323
DE,G,2018,-0.09803255823896784,-1.3654565161769883
DE,G,2019,-0.03718888041905366,-0.6302194589940857
DE,G,2020,-0.25092788015085166,3.92801126311052
DE,G,2021,-0.14981227822865995,1.024580138049025
DE,G,2022,0.05502370149623248,3.442070296466526
DE,G,2023,0.21585125263916716,-2.4981006084341617
DE,H,2016,-0.04290750101127738,-4.1696218052644
DE,H,2017,-0.04592371269533846,1.177945162035099
DE,H,2018,-0.0390021578032691,-1.0843020362665934
DE,H,2019,0.06808336710411034,-1.102048069701378
DE,H,2020,-0.2107472432919062,-6.694294393629341
DE,H,2021,-0.07340250475232946,10.916348256639797
DE,H,2022,0.07602030729440834,6.889346706100275
DE,H,2023,0.0026109675407202104,-8.999491969342055
DE,I,2016,-0.021223636451627392,-0.10831726896620708
DE,I,2017,-0.11459608669090748,0.62634202915689
DE,I,2018,0.08557850670578748,0.9867850641625431
DE,I,2019,-0.05289954248276629,1.0107089163774785
DE,I,2020,-0.19391847534486484,-31.49200455810678
DE,I,2021,-0.2528537782096594,13.908501189114563
DE,I,2022,-0.10979939199967026,18.70862762347002
DE,I,2023,0.2784519850623606,-0.1541105367943718
DE,J,2016,-0.05234648037220957,-2.046411994900732
DE,J,2017,-0.008465659024547989,0.2844408944480459
DE,J,2018,0.057807630376458086,0.767405468088489
DE,J,2019,-0.08473440528770748,-1.9189171715471076
DE,J,2020,-0.21607254007365828,-0.7827103203532748
DE,J,2021,-0.0877507485575082,-1.2603868075481417
DE,J,2022,0.06997857881171043,-5.377185391867512
DE,J,2023,0.3617654137602946,0.9228007314238784
DE,P-S,2016,-0.06507199674371567,-1.1926815024283943
DE,P-S,2017,-0.04585956396356661,-0.7402212855077028
DE,P-S,2018,0.018816271799476425,-0.9090769418102718
DE,P-S,2019,-0.015469921772131912,-0.2727737247945061
DE,P-S,2020,-0.16553671044051388,-3.1912529767615827
DE,P-S,2021,0.06486698229999188,-1.1365379662139463
DE,P-S,2022,-0.024938948347251966,3.469802659415344
DE,P-S,2023,0.23519188983038397,-0.8379264153755783
HU,B-E,2022,0.6098145324277779,2.459431265521095
HU,B-E,2023,0.5604896846964476,1.5874124513512111
HU,F,2022,0.7126829988897612,-0.8632447744911564
HU,F,2023,0.8570660636212528,-1.4757853217145511
HU,G,2022,0.6336212012459184,-6.479378648817136
HU,G,2023,1.0238887424721739,1.2779581369331328
HU,H,2022,0.48812501379629225,5.121800657075182
HU,H,2023,0.795366235628145,-1.2985662249783259
HU,I,2022,0.470396633770346,1.1252290877058369
HU,I,2023,0.9552091475644331,2.264881013890707
HU,J,2022,0.7925196543731494,-3.5773702074028857
HU,J,2023,1.304673832765137,0.2829145296533553
HU,P-S,2022,0.7090964819676233,-1.8333004450147627
HU,P-S,2023,0.8676587830361182,-0.9861581867779745
IT,B-E,2016,-0.07364654016829864,1.5896845451218056
IT,B-E,2017,-0.1890177693081947,0.2082288976243185
IT,B-E,2018,-0.08264687581192476,0.030941821611873976
IT,B-E,2019,0.04149973090675285,-0.653203576415784
IT,B-E,2020,-0.36366797942970264,-1.0645182914839069
IT,B-E,2021,0.003891055492966533,2.8605323571136876
IT,B-E,2022,-0.25020547335716703,2.471957585871476
IT,B-E,2023,0.1608966667098488,1.3324121182086368
IT,F,2016,-0.07904320734045367,-0.022393502252726627
IT,F,2017,-0.19407871377999797,0.15335085162409
IT,F,2018,-0.03476285864884954,-0.7178490964413697
IT,F,2019,-0.1321717731084826,-0.28668825054389835
IT,F,2020,-0.38776553100876354,0.6432930760165156
IT,F,2021,0.19105523676270897,2.7066961948099655
IT,F,2022,-0.20953151293028238,1.5185378367044366
IT,F,2023,-0.021202207650602656,2.3004314722619434
IT,G,2016,-0.13581972314253488,-0.028421440151626953
IT,G,2017,-0.0823362866606363,-0.11805378855791471
IT,G,2018,-0.09929822098228058,-0.8154919873456734
IT,G,2019,0.024424552007075384,0.9474947147562363
IT,G,2020,-0.4409394963018243,-1.2028161223740952
IT,G,2021,0.199533685675076,1.4674942785213307
IT,G,2022,-0.24863639868280796,1.3666741171281194
IT,G,2023,0.047017206516710264,-1.2696083671124958
IT,H,2016,-0.17554457251493094,0.508633027990113
IT,H,2017,-0.09495267518274986,-0.21430176524761535
IT,H,2018,-0.027908788117076533,-1.652135453743242
IT,H,2019,0.027908788117076533,-0.5857566643007628
IT,H,2020,-0.24869662573882678,-4.576653221474835
IT,H,2021,0.2113090936672064,0.8465462320921602
IT,H,2022,-0.17824823140631807,1.956073199267394
IT,H,2023,0.10194003834299448,1.0801320025068062
IT,I,2016,-0.04290750101127738,-0.7304865922202364
IT,I,2017,-0.06579191591206435,-0.6702506823002663
IT,I,2018,0.007773498333381035,-0.39173371850197425
IT,I,2019,0.09992541825637691,-0.9807812038525765
IT,I,2020,-0.3585356758861815,-6.606634832888714
IT,I,2021,0.25306393170924846,5.414303676240251
IT,I,2022,-0.11667130680369375,-0.7487052767692792
IT,I,2023,0.07811777926395269,2.453255703620383
IT,J,2016,-0.27971390280260433,1.2709140831538623
IT,J,2017,0.06280090123903026,0.36494177328769695
IT,J,2018,-0.13406392126052058,-1.4361103482237736
IT,J,2019,-0.043548245245736084,-1.3523520685355006
IT,J,2020,-0.41067151629873777,-0.5879416602897036
IT,J,2021,0.18343949989529573,0.07212088825220286
IT,J,2022,-0.2870615325621819,-2.606435835526777
IT,J,2023,0.1622707597483939,-0.0731299175940281
IT,K-N,2016,-0.054456185796059486,-0.5821074389756986
IT,K-N,2017,-0.056475374911222787,-0.44374329645846533
IT,K-N,2018,-0.08022894475387687,-0.3905446427229231
IT,K-N,2019,-0.01586366397316752,-0.761713753840576
IT,K-N,2020,-0.3586096908266594,1.0915331847190402
IT,K-N,2021,0.20752932351265851,-1.5119330241771367
IT,K-N,2022,-0.2655165811630078,0.48262071757532166
IT,K-N,2023,0.036634133179779926,0.6853783213950804
IT,P-S,2016,0.006975613736424968,-0.38964294480797745
IT,P-S,2017,0.0475125715476441,0.23980929112031868
IT,P-S,2018,-0.04255961441879563,-0.8737133716026135
IT,P-S,2019,0.010810916104215806,-0.5220178750338311
IT,P-S,2020,-0.38227566318925454,-2.469687637851592
IT,P-S,2021,0.2641259914151064,0.6136588542948407
IT,P-S,2022,-0.2584116901516671,1.5772796110406717
IT,P-S,2023,0.15415067982725805,1.2032979768063168
LV,B-E,2016,-0.10758521067993776,-1.7411668856335827
LV,B-E,2017,-0.17345231905317515,-0.1128510694245688
LV,B-E,2018,0.1954796413714659,-4.344004364439269
LV,B-E,2019,-0.022027322318290743,-0.9149573594394278
LV,B-E,2020,-0.6711198582416547,2.2684415768544297
LV,B-E,2021,-0.373307996473633,5.900209182019456
LV,B-E,2022,0.20526312603636132,-2.947478067582976
LV,B-E,2023,-0.3050135288034208,-1.599487390795007
LV,F,2016,-0.20948722486672455,-5.76140980148595
LV,F,2017,-0.2151607026582143,3.2925497959653494
LV,F,2018,-0.06311242331005662,-0.4588109052696021
LV,F,2019,0.16479646423857464,-2.0113736558456385
LV,F,2020,-0.49574651693887084,-1.059343779872468
LV,F,2021,-0.4157216082753532,0.43832803414981525
LV,F,2022,0.37876590175292435,3.436211849998827
LV,F,2023,-0.2995165300987841,5.954848816364655
LV,G,2016,-0.06400532997591313,-1.8221287885692439
LV,G,2017,-0.22101362505638456,-0.8369031822042072
LV,G,2018,-0.0560638941465994,-1.3433230726976109
LV,G,2019,-0.1114738664631183,0.7516149223749324
LV,G,2020,-0.461237136033553,0.3147245895288253
LV,G,2021,-0.39925004770473027,-0.5207362590135767
LV,G,2022,0.10238210690356553,-6.073818456594571
LV,G,2023,-0.2546757759836109,5.293700621828668
LV,H,2016,-0.16723591937591387,-3.2155118877232547
LV,H,2017,-0.09542839010057946,-1.2486832035504825
LV,H,2018,-0.12741969659336938,-1.7011443155950379
LV,H,2019,-0.04687176912967317,-3.392903109856782
LV,H,2020,-0.3704805517625376,-10.959131243370257
LV,H,2021,-0.7296809238924014,1.6840669115985585
LV,H,2022,0.6576404921030354,5.875891103999642
LV,H,2023,-1.2160941648582804,-5.094412670145121
LV,I,2016,-0.0408219945202557,-4.493244432633404
LV,I,2017,-0.13353139262452274,4.044746074579775
LV,I,2018,-0.182321556793954,-4.4313302658444575
LV,I,2019,0.41494385206270756,-8.043343420322769
LV,I,2020,-0.35937400090789673,-5.080581041414122
LV,I,2021,-0.2436220826577511,1.9121343004547264
LV,I,2022,0.2962658161431726,2.623691466468203
LV,I,2023,-0.1978257433299202,8.452802058058296
LV,J,2016,0.34500713907104963,-3.176553224177303
LV,J,2017,0.0,-0.17829925331843688
LV,J,2018,-0.2876820724517808,-4.371852872714122
LV,J,2019,0.0,0.706645568556985
LV,J,2020,0.0,-0.17184889303848427
LV,J,2021,-0.4927340511005056,3.36556325891062
LV,J,2022,-0.3174882004844828,-0.8513793025967775
LV,J,2023,0.22186885388220867,-0.8016827755975453
LV,K-N,2016,-0.19967119512906795,-1.5864377581362166
LV,K-N,2017,-0.3642036497267389,-2.967837085902647
LV,K-N,2018,0.26681561059142833,-0.08074774189215095
LV,K-N,2019,-0.2545883840218677,-2.088471945119985
LV,K-N,2020,-0.4106870520893162,-0.7998808591501927
LV,K-N,2021,-0.1992174180664219,4.706453711481129
LV,K-N,2022,-0.11858207684951605,-0.6853338549373866
LV,K-N,2023,0.0959639882617438,1.7450562175703066
LV,P-S,2016,-0.25618340539241036,0.006415192661302083
LV,P-S,2017,-0.23320693765351574,0.014692636701907347
LV,P-S,2018,0.14690003409914976,-1.2311442924007432
LV,P-S,2019,-0.5273940501132235,-0.5513533579798224
LV,P-S,2020,0.14421398679449382,-4.560049868757233
LV,P-S,2021,-0.9142267476533035,0.9971211692988202
LV,P-S,2022,0.28510142585828957,4.625944665592185
LV,P-S,2023,0.40546510810816416,0.2974783589602681
LT,B-E,2016,0.2814124594381848,-2.6178183014599288
LT,B-E,2017,0.08807998821116136,-0.08358767227377717
LT,B-E,2018,-0.4826611457549843,-1.0633071976177133
LT,B-E,2019,-0.08528224061820033,-2.8903953597153698
LT,B-E,2020,-0.38494537787698846,-0.20629746317117892
LT,B-E,2021,-0.2330490803036125,-0.9577581784172562
LT,B-E,2022,0.07410797215372211,0.9877485704792299
LT,B-E,2023,0.14268058727811006,1.2579724583282492
LT,F,2016,0.08525984395082276,-7.752091574844078
LT,F,2017,-0.011080445776571857,-2.1130708136904985
LT,F,2018,-0.06225082730897746,-0.32095284415613046
LT,F,2019,-0.20794345479123066,4.214081147741611
LT,F,2020,-0.5193779055813081,0.05062886475892814
LT,F,2021,-0.156881056950116,-1.4015722938378605
LT,F,2022,0.5479277896340085,-0.8543630802216873
LT,F,2023,-0.07912104862211855,3.8290599517479373
LT,G,2016,0.3001045924503378,-2.4781155117981957
LT,G,2017,0.18724767513001073,-0.17806793927985787
LT,G,2018,-0.3083696120519086,-0.46923461902479424
LT,G,2019,-0.4547361571149473,-2.1895038375141618
LT,G,2020,-0.8986605004978849,1.3146068492008833
LT,G,2021,-0.01631357549152357,-2.5154414987138107
LT,G,2022,0.251679858579144,-2.8563409396611172
LT,G,2023,0.13608567242961955,3.8115242712426944
LT,H,2016,0.2623642644674904,-1.897749959534134
LT,H,2017,-0.06679748092351545,-1.1721390423029665
LT,H,2018,-0.22808997524953512,0.3063916050158433
LT,H,2019,-0.15139964645536885,0.1427125261388218
LT,H,2020,-0.7199453737146695,-3.7259254194334845
LT,H,2021,0.06453852113757153,-4.9831383518336825
LT,H,2022,0.17768117723745247,2.6579761734341067
LT,H,2023,-0.2275135509853281,-5.731064669421748
LT,I,2016,0.261594737688462,-3.7550966931082397
LT,I,2017,0.06193698765701594,0.03411465001037506
LT,I,2018,-0.33763064972498036,-0.7222327460388533
LT,I,2019,-0.35986751666929173,-5.1848219297688125
LT,I,2020,-0.4223214984306649,-18.323230929116473
LT,I,2021,-0.11253077755599561,2.5469068799913286
LT,I,2022,0.775287324410932,7.862904281244876
LT,I,2023,-0.2714338404419907,6.916002809378186
LT,J,2016,0.20212418409013377,-0.8211839559287282
LT,J,2017,0.11049437365167858,0.7917295849148798
LT,J,2018,-0.27243676810898076,0.2967971154684501
LT,J,2019,-0.24352271365086242,-0.4345339301519813
LT,J,2020,-0.7990525069095362,-1.6226814415898683
LT,J,2021,-0.40410363750984324,-7.393599458060695
LT,J,2022,0.7331525151736442,-3.8196594662464167
LT,J,2023,-0.17295380679035466,6.222912794665813
LT,P-S,2016,0.2623642644674904,0.5025764493096108
LT,P-S,2017,0.3254224004346282,0.834936462338276
LT,P-S,2018,-0.22453340560326396,-0.8743799453103884
LT,P-S,2019,-0.5257721887966298,-1.4458168864796672
LT,P-S,2020,-0.8183103235139515,-2.2608209326671957
LT,P-S,2021,0.2363887780642302,1.3131577459408406
LT,P-S,2022,0.0,-0.9744595205642859
LT,P-S,2023,0.1910552367627094,0.6349025055655155
LU,B-E,2016,-0.3624056186477178,3.873175238954829
LU,B-E,2017,-0.4700036292457357,-10.082211383163365
LU,B-E,2018,0.6931471805599454,2.146847963043541
LU,B-E,2019,-0.5108256237659905,1.9977807657695967
LU,B-E,2020,0.45892718563833945,2.327990425475912
LU,B-E,2021,-0.37976904237453724,0.7575584356957821
LU,B-E,2022,0.1432188307802118,-9.143497051484506
LU,B-E,2023,-0.4046985308379689,2.5369014408191615
LU,F,2016,0.08617769624105165,3.088632253840762
LU,F,2017,-0.19934639434668977,-3.671170449845007
LU,F,2018,0.06292748166889073,-1.646490298343084
LU,F,2019,0.24991141156531427,5.22730549324022
LU,F,2020,-0.30281095404808056,-0.7153162778989031
LU,F,2021,0.08701137698962924,-4.0975455389045345
LU,F,2022,-0.017427401598959058,-13.675143106616773
LU,F,2023,0.31723083458308565,1.513266919045586
LU,G,2016,0.2319050569827823,2.7856495040295415
LU,G,2017,-0.27585694451196563,-0.9012239833757318
LU,G,2018,0.2582564901761879,-3.5177744387421828
LU,G,2019,-0.008103772063106973,-0.7462801263453667
LU,G,2020,-0.12002313434284595,0.06733219965802117
LU,G,2021,0.15833588080935002,0.9821467986288024
LU,G,2022,-0.2178716461039807,-5.521042639680673
LU,G,2023,-0.08109811674248046,8.151224813393132
LU,H,2016,0.14496577025018542,-2.621775005602023
LU,H,2017,-0.11443656521536294,5.825889341750901
LU,H,2018,-0.09453453501073561,1.9012915402236152
LU,H,2019,-0.06952606264860961,-4.913946744399189
LU,H,2020,0.06952606264860961,11.537180931370571
LU,H,2021,0.032514662884541856,9.200459142982254
LU,H,2022,0.062019872126193754,2.6617681410172733
LU,H,2023,0.0,-26.024430364281137
LU,I,2016,-0.08555788836164702,-0.5850255905190838
LU,I,2017,-0.027610809743991105,-2.387803222486218
LU,I,2018,0.06292748166889073,-2.7468021448805335
LU,I,2019,0.12163121252342002,0.8391163930253298
LU,I,2020,-0.4323598643082862,-29.071201076963494
LU,I,2021,-0.22422017083323986,-0.9758627667516784
LU,I,2022,0.5083089947188952,22.460670908206424
LU,I,2023,-0.09272174005022205,5.523574110530327
LU,J,2016,-0.23319388716771172,-4.1662449379828885
LU,J,2017,-0.1539402642557297,-1.8877951072922006
LU,J,2018,0.1539402642557297,0.5776163994077432
LU,J,2019,0.28862859405581176,-1.2952953849164617
LU,J,2020,-0.33647223662121295,-1.8424220050906048
LU,J,2021,0.2810375297331129,0.12707624713927945
LU,J,2022,-0.3326794383825167,-0.7600235385831433
LU,J,2023,-0.23648176239643792,9.759548067890877
LU,K-N,2016,0.3023243491886509,-0.9808850371030298
LU,K-N,2017,-0.10922771922673835,-1.5697385424305654
LU,K-N,2018,0.2315172969850119,-3.2801346864689718
LU,K-N,2019,0.08340776948633177,-2.0966389319511336
LU,K-N,2020,-0.1531483744411526,0.8551621101018592
LU,K-N,2021,0.2256649141851872,3.4079244375525897
LU,K-N,2022,-0.2730535364293303,-0.5990417249446489
LU,K-N,2023,0.052983042429467275,-2.3009038510347413
LU,P-S,2016,0.5434864060055382,0.42160306803527003
LU,P-S,2017,-0.06663130181070098,-0.4534244133318044
LU,P-S,2018,0.2703066646713461,-0.8120430593275607
LU,P-S,2019,-0.08241406282793662,0.7711632778663491
LU,P-S,2020,0.1336599851791913,0.2624324464250871
LU,P-S,2021,0.09522835009191066,1.2310933335916596
LU,P-S,2022,-0.09522835009191066,0.03845713745673773
LU,P-S,2023,-0.43099065074680354,-0.7169751417004488
MT,F,2016,0.0,0.30895637272733145
MT,F,2017,0.6931471805599445,5.9723641559205625
MT,F,2018,-0.6931471805599445,-0.8631094932464722
MT,F,2019,-0.6931471805599458,4.130646220085521
MT,F,2020,0.0,-3.8765661526310113
MT,F,2021,0.0,1.1799613483671534
MT,G,2020,-1.0986122886681096,-7.193354125779838
MT,G,2021,0.6931471805599454,4.276340282526436
MT,K-N,2016,0.4054651081081637,-0.6858641597025761
MT,K-N,2017,-0.182321556793954,1.380344164527414
MT,K-N,2018,-0.9162907318741556,-3.570598996723995
MT,K-N,2019,1.5040773967762742,-0.33853994450668834
MT,K-N,2020,-0.4054651081081646,-0.5439237458894741
MT,K-N,2021,0.4054651081081646,3.0769597157283335
MT,K-N,2022,-0.25131442828090567,-3.9003496576954233
MT,K-N,2023,0.5389965007326865,3.288992105041344
NL,B-E,2016,-0.08555788836164702,-2.3280156262918905
NL,B-E,2017,-0.2942394729979396,1.0463432459027033
NL,B-E,2018,0.0,0.17027446819628533
NL,B-E,2019,0.007283353391107639,-1.38584698526113
NL,B-E,2020,-0.20018701951559947,-2.730819789917116
NL,B-E,2021,-0.6790624406782064,4.343995293657599
NL,B-E,2022,0.33547273628812935,5.734880667233455
NL,B-E,2023,0.4946962418361074,-2.866410324920088
NL,F,2016,-0.4004775665971261,3.325190132370115
NL,F,2017,-0.13909052603451943,1.4393390815718332
NL,F,2018,-0.0366853364568005,1.4506913856933146
NL,F,2019,0.11580401264752194,2.62857695112515
NL,F,2020,-0.14652006787796923,1.035702926722104
NL,F,2021,-0.3244348853653105,1.3057199848570233
NL,F,2022,0.0710212697483441,0.8443015409337895
NL,F,2023,0.342868488019072,1.5807179364889956
NL,G,2016,-0.14156356432178718,0.2536747767472147
NL,G,2017,-0.27850769617573956,0.37082106706257667
NL,G,2018,-0.06443705495109064,-0.09617504323840009
NL,G,2019,0.06747657096898685,1.1484687409263339
NL,G,2020,-0.22923185018146475,-0.7861935329446013
NL,G,2021,-0.7085320993994246,4.021858568268577
NL,G,2022,0.2551829050588261,-1.51858243292744
NL,G,2023,0.4609537937258179,-1.9397002612685732
NL,H,2016,-0.020202707317519497,-1.6729806539349523
NL,H,2017,-0.19919785771785659,1.1140092497569531
NL,H,2018,0.0835808418928412,-2.6651074471129244
NL,H,2019,0.0,-0.26875241093498037
NL,H,2020,0.0045714365325801865,-8.502120873422713
NL,H,2021,-0.4979855682063383,5.831585553205465
NL,H,2022,0.044043815761439564,10.021795058308847
NL,H,2023,0.55163325552601,-2.691999319189975
NL,I,2016,-0.06720874969345036,0.7842614653003954
NL,I,2017,-0.09531017980432477,0.12110060294457936
NL,I,2018,0.03012974145202918,-0.2317805213701618
NL,I,2019,-0.053940390145747585,-1.5410459943794086
NL,I,2020,0.11912082849804317,-35.42694512111305
NL,I,2021,-0.9461436950238364,12.787823055547243
NL,I,2022,0.18781607611159545,18.33018363473462
NL,I,2023,0.6897166454631565,2.96537205464662
NL,J,2016,-0.38566248081198484,-0.7165861015969166
NL,J,2017,0.0431721718652085,-1.5124424584979868
NL,J,2018,-0.03730705241281029,-1.5670895094057835
NL,J,2019,-0.09341139883509797,-0.9099603402882961
NL,J,2020,-0.5023013313394422,1.3194548108341309
NL,J,2021,-0.136187436682639,-2.865262305887395
NL,J,2022,0.0,2.3713718004058415
NL,J,2023,0.4805857385762726,-1.1279019386416733
NL,K-N,2016,-0.18392283816092903,-0.6594410303756515
NL,K-N,2017,-0.3252375062860011,0.3790556857856453
NL,K-N,2018,-0.1760186664638388,0.23924963713146674
NL,K-N,2019,0.06342182643749616,0.3827825774595506
NL,K-N,2020,-0.22921408128024012,-1.235454805024061
NL,K-N,2021,-0.49610238221309677,1.0086406295155004
NL,K-N,2022,0.08476526662770967,1.734947003925369
NL,K-N,2023,0.3828316225874606,1.0128165279713053
NL,P-S,2016,-0.10869941692334173,0.49460108755132737
NL,P-S,2017,-0.29776619151840666,-0.18106844283990453
NL,P-S,2018,0.039740328649513934,-0.0962547853536444
NL,P-S,2019,0.04237922296886154,-0.8366281063717951
NL,P-S,2020,-0.15368974411962721,-8.322227102934542
NL,P-S,2021,-0.7427441216993174,4.164843392096962
NL,P-S,2022,0.4398938277743647,2.0905336719723278
NL,P-S,2023,0.2914957518220267,0.8404278520559694
PL,B-E,2016,-0.24590053843682647,-0.9873669235178961
PL,B-E,2017,-0.23698571663992318,-3.492042649575333
PL,B-E,2018,0.18985657629837327,-1.0718645057678056
PL,B-E,2019,-0.056527797391492385,-0.8145695086193006
PL,B-E,2020,-0.09360949912230776,0.05435432008804586
PL,B-E,2021,-0.25599827759333227,3.7573457524836207
PL,B-E,2022,-0.06440439197098291,2.736817970487604
PL,B-E,2023,0.1547636127302967,-0.2433115397377783
PL,F,2016,-0.3638434334173457,-4.128489593527873
PL,F,2017,-0.16548566191320546,-8.803460627149207e-05
PL,F,2018,0.22144431556125,5.282631874032995
PL,F,2019,-0.20962983214748654,-0.8975810038186371
PL,F,2020,-0.22272417617700846,-1.2409159540228587
PL,F,2021,-0.3836913085586038,-2.5954347943931033
PL,F,2022,0.200111098357453,0.3059786079754545
PL,F,2023,-0.015228720701824905,2.4701876255162514
PL,G,2016,-0.21072103131565267,-2.2269107654936504
PL,G,2017,-0.09173632671828269,0.4489869838825489
PL,G,2018,0.029335436913483726,-3.343048004713345
PL,G,2019,0.18210252273328287,-0.8863285869759041
PL,G,2020,-0.13337493482869434,-1.2385449069271193
PL,G,2021,-0.46875284734408273,2.2356877586955815
PL,G,2022,-0.20334092401802994,1.9954132115936218
PL,G,2023,0.22510241579954293,-2.055299556577017
PL,H,2016,-0.7985076962177722,-1.2296946743007409
PL,H,2017,0.3285040669720365,-0.3471930317643035
PL,H,2018,0.41871033485818465,0.1562766851224251
PL,H,2019,0.12361395596717628,-1.750126462721957
PL,H,2020,-0.09763846956391564,-4.618313184049427
PL,H,2021,-0.6190392084062233,-0.295904180594575
PL,H,2022,0.09097177820572666,0.8448026877257986
PL,H,2023,-0.49643688631389127,1.1727356879648654
PL,I,2016,-0.244622582991334,-2.161270176564789
PL,I,2017,-0.1830881340641506,3.971343442420372
PL,I,2018,0.06530509840776677,-2.736259226140214
PL,I,2019,-0.06530509840776677,-1.7029227534865798
PL,I,2020,0.6931471805599454,-7.949582653241882
PL,I,2021,-0.22333528748582587,10.141435273105214
PL,I,2022,-0.7802457225093167,5.7420228236703785
PL,I,2023,0.6941926589614984,-0.006119225759071423
PL,J,2016,-0.5603660693261272,-2.5973443542867902
PL,J,2017,0.4605457340439161,-1.883010828133247
PL,J,2018,0.05063009109143923,-1.4159302549675457
PL,J,2019,-0.16153078712488078,0.5937623769610045
PL,J,2020,-0.34964503801047453,1.3139255475814848
PL,J,2021,-0.28593229072799353,4.264118788820703
PL,J,2022,0.6355773287384681,-2.6799213063839034
PL,J,2023,0.16153078712488078,-2.4707083311261147
PL,P-S,2016,-0.19358474907266565,-1.1282243436075312
PL,P-S,2017,0.5795271906919659,0.7272838820355565
PL,P-S,2018,-0.08361809243064933,1.930773901040217
PL,P-S,2019,0.04268278988239871,-2.276975728455577
PL,P-S,2020,0.0,-0.756198769281935
PL,P-S,2021,-0.34500713907104963,4.220112150689048
PL,P-S,2022,-0.34814004148889577,0.8421425466878185
PL,P-S,2023,0.4054651081081646,-0.3788836004481655
PT,B-E,2016,-0.27839202554468834,0.28712774837562627
PT,B-E,2017,-0.041813238612653514,-1.2858747750207566
PT,B-E,2018,-0.012474174225174828,-1.0535862798184636
PT,B-E,2019,0.10200762064751512,-1.6861273662037823
PT,B-E,2020,-0.03329372809946385,-2.1462007900621027
PT,B-E,2021,-0.32662504640038836,0.8851460261684374
PT,B-E,2022,-0.23723149165169355,-1.4224414009148423
PT,B-E,2023,0.39086630868701144,0.7375101114160953
PT,F,2016,-0.3812604194113476,-0.727742231451145
PT,F,2017,-0.3259856855280998,-0.0473759149624553
PT,F,2018,-0.14606982777331945,0.2347297304775342
PT,F,2019,-0.29869713268245857,-1.7616853088568973
PT,F,2020,-0.12812109989627496,-0.8974335636510955
PT,F,2021,0.059354242649182876,-4.305677698648614
PT,F,2022,-0.05576357451845437,3.1341830705060802
PT,F,2023,0.23808513131240883,0.03184851654534082
PT,G,2016,-0.2718087232954911,-0.3281530561357382
PT,G,2017,-0.22906656961733152,-2.4052141365164315
PT,G,2018,-0.17051039586561023,-2.0679563794309685
PT,G,2019,-0.11827239216235652,-1.3368779571810374
PT,G,2020,-0.045052663940943205,-3.3862022254977475
PT,G,2021,-0.09923492223114394,-1.090760881982844
PT,G,2022,-0.22441662596100764,0.18789225059896442
PT,G,2023,0.11990392722552112,-1.431188368069769
PT,H,2016,-0.16134315040876324,-0.9770517348348551
PT,H,2017,-0.3972731371935767,0.98794366849555
PT,H,2018,-0.11472826566142613,-2.4989977546780673
PT,H,2019,0.049723435352430734,-0.09110283846140987
PT,H,2020,-0.049723435352430734,-15.951327801735838
PT,H,2021,-0.10536051565782634,4.506176763789416
PT,H,2022,0.05509868087693803,8.568353880001212
PT,H,2023,0.09998527013331904,0.8175827773967526
PT,I,2016,-0.2548922496287904,-1.2729102109192092
PT,I,2017,-0.136669953310383,1.1855606092835314
PT,I,2018,-0.15489059846996867,-2.100761508454818
PT,I,2019,-0.21069970912671598,-0.2944892813090849
PT,I,2020,0.4813990089493507,-23.11079840014566
PT,I,2021,-0.036221263434318196,10.18533250534036
PT,I,2022,-0.3116463528905098,13.983995810776783
PT,I,2023,-0.015037877364540542,-1.847324823464036
PT,J,2016,-0.2916900938493203,1.88498576473205
PT,J,2017,-0.2651794684180775,-1.6599225757473857
PT,J,2018,0.22836549529536132,-3.038852399924008
PT,J,2019,-0.4633590865270669,-1.0113408143072933
PT,J,2020,0.3455760508706831,-1.0947117749323998
PT,J,2021,-0.4046841631250926,-6.416281939557633
PT,J,2022,-0.32993626564142753,0.9610204717786397
PT,J,2023,0.23157694544258467,-3.161103968136081
PT,K-N,2016,-0.2357223335210703,0.8502395789751205
PT,K-N,2017,-0.15583986941810313,-1.251392731064871
PT,K-N,2018,-0.241431054801025,-0.612413118693067
PT,K-N,2019,-0.12415925279565965,-0.05908403784299354
PT,K-N,2020,-0.06838385806983327,0.20646250838575186
PT,K-N,2021,-0.1109570705859837,-1.0161467505237276
PT,K-N,2022,-0.12771742275910247,0.838738735665534
PT,K-N,2023,0.15539214491532283,0.26263908079788845
PT,P-S,2016,-0.25102875480374554,-0.9034080562632218
PT,P-S,2017,-0.24162956500679655,0.6340761852430377
PT,P-S,2018,-0.2145877851289053,-0.21272655547286412
PT,P-S,2019,-0.054179916373792825,-0.6294761257540471
PT,P-S,2020,0.23209692598268905,-5.149473999276244
PT,P-S,2021,-0.04514655551189595,1.026063123322063
PT,P-S,2022,-0.3318647501785401,2.0135395582691618
PT,P-S,2023,0.08762999748569555,0.1270157396584648
RO,B-E,2016,-0.8627499649461257,-3.343543863750442
RO,B-E,2017,-0.03865215443427905,-1.418544445970793
RO,B-E,2018,0.3017452819077975,0.9342032313652715
RO,B-E,2019,0.17347868776690056,-2.2427505179491214
RO,B-E,2020,-0.12027465170343543,-1.553595679474995
RO,B-E,2021,0.4888236885725057,1.0384200490429096
RO,B-E,2022,-1.0818051703517289,2.9660339622197496
RO,B-E,2023,-0.044735893841391317,-3.3510198391645374
RO,F,2016,-0.7765287894989967,0.05200811306880215
RO,F,2017,0.029980832211935926,-3.0400395980971107
RO,F,2018,0.35053800794965095,1.9539012713005288
RO,F,2019,0.1653381316024083,-2.4323030724505257
RO,F,2020,-0.06773421807975577,-2.1058272445895865
RO,F,2021,0.1144831976538283,-0.23245829469575874
RO,F,2022,-0.5710997461171043,-0.47855696461697184
RO,F,2023,-0.045709806961849786,2.382770859121197
RO,G,2016,-0.8096809968158971,-3.0330883411271325
RO,G,2017,-0.06259284964148426,0.09510680765969504
RO,G,2018,0.2762533766281585,1.02924561430906
RO,G,2019,0.11475364830477641,-0.7018430170304013
RO,G,2020,-0.08966272631124994,7.468812707691363
RO,G,2021,0.25621880299599553,8.051427810383338
RO,G,2022,-0.951137463204323,-2.3778184678483694
RO,G,2023,-0.0397882500584128,-1.6444356282462769
RO,H,2016,-0.884307686021105,-4.539145870039063
RO,H,2017,0.12928510174307162,0.19057206509361935
RO,H,2018,0.2137377530273339,-4.10996803660858
RO,H,2019,0.3621581653532635,0.8459100068729075
RO,H,2020,0.07709394033228367,-0.6302959095798588
RO,H,2021,0.062251855553307145,1.4983494242300943
RO,H,2022,-0.619931534461863,4.359887533796769
RO,H,2023,0.022945557349869805,-1.1787537940143644
RO,I,2016,-0.6871651088823985,-3.3330504974991793
RO,I,2017,-0.00798407434822046,-2.764376500805432
RO,I,2018,0.3818073639982602,1.7090943499781686
RO,I,2019,0.17866691590575634,2.8899488756800595
RO,I,2020,0.002285715280856415,-8.793839888745115
RO,I,2021,0.11625980611586151,-2.3642909058073314
RO,I,2022,-0.6552563068485484,3.0786840462465492
RO,I,2023,-0.16563186220121473,-4.817091924041983
RO,J,2016,-0.6991652528855088,-4.481299145125684
RO,J,2017,0.0,0.3405048402472244
RO,J,2018,0.06993139806921578,-2.9847992232411635
RO,J,2019,0.09479836541116837,0.8117501783884928
RO,J,2020,0.11588514174830422,0.5811308533133275
RO,J,2021,0.35134159796337006,-2.4829818437795637
RO,J,2022,-0.8977471541619861,-1.6137768907629968
RO,J,2023,0.04616204176316252,2.7366181428683856
RO,P-S,2016,-0.6635883783184013,-4.089416502520004
RO,P-S,2017,-0.0058422756242282325,-1.0945706820722378
RO,P-S,2018,0.3533491069691501,-3.220824527025723
RO,P-S,2019,0.12733942237660134,-0.4115385033551133
RO,P-S,2020,0.15621893289131794,-2.606636983051347
RO,P-S,2021,0.3192047638237572,-2.4506606356606064
RO,P-S,2022,-0.8523154323791831,1.9110564992709578
RO,P-S,2023,0.027779564107075494,-0.141004476553519
SK,B-E,2016,-0.16841865162496372,-4.445879732906544
SK,B-E,2017,0.7900698304798386,-5.50909092659152
SK,B-E,2018,1.0348611409651536,-0.3910647860071337
SK,B-E,2019,0.17750810812253537,3.1603188054576736
SK,B-E,2020,-0.3730825238269082,-1.0234122050241545
SK,B-E,2021,-0.23804521493720898,-4.051310492820825
SK,B-E,2022,-0.16544967754840822,-2.0513178402302823
SK,B-E,2023,0.14492851132892337,8.286859328713136
SK,F,2016,-0.2484613592985001,-0.8950300305424208
SK,F,2017,1.3336506276344684,1.0239283496171203
SK,F,2018,1.3017369730918276,-0.8221119106248564
SK,F,2019,0.19025568446937502,-3.720607125892217
SK,F,2020,-0.465757338364285,1.9603509893993953
SK,F,2021,0.0,3.6736108941593515
SK,F,2022,-0.4666195312614949,-0.45476315936403555
SK,F,2023,0.2543129312771626,1.1344382944752818
SK,G,2016,-0.372514007968479,-3.53467723818931
SK,G,2017,0.9457508918558659,-1.096296684097875
SK,G,2018,0.7795006937036604,-5.135292152060911
SK,G,2019,-0.03231596062186526,6.984495425932047
SK,G,2020,-0.5415555610066995,4.664573641751046
SK,G,2021,-0.29458976743002907,-4.9771217678854835
SK,G,2022,-0.16436906878593582,3.9620588421133696
SK,G,2023,0.027222311348682915,6.637721913264771
SK,H,2016,0.0,-4.368207692857274
SK,H,2017,1.0986122886681091,-0.9476846576749409
SK,H,2018,1.0278321066070628,-2.8763327586186715
SK,H,2019,0.1288394246008604,0.568803776870741
SK,H,2020,-0.276906480683218,-0.2269695877425537
SK,H,2021,-0.11243847179050803,0.2012262925682906
SK,H,2022,-0.4054651081081646,3.47892745311138
SK,H,2023,0.0,-6.053255967007798
SK,I,2016,0.0,-0.47303443970749814
SK,I,2017,1.239822457219633,-2.6062921668385197
SK,I,2018,0.652686915108565,-0.15143845614176143
SK,I,2019,-0.1473175389164778,0.14084750381470057
SK,I,2020,-0.17283292921904092,-0.5748338370939687
SK,I,2021,-0.35922816208197794,2.3042576187391695
SK,I,2022,-0.3150039808642182,8.024389507501695
SK,I,2023,0.3674113987376071,4.5459618718444395
SK,J,2016,-0.5869869847315554,1.232445881475941
SK,J,2017,1.0291054104877544,-2.073737131918807
SK,J,2018,0.0,-3.00745666850728
SK,J,2019,0.6187919957278991,-1.9458020741224047
SK,J,2020,-0.5498848177154416,-3.509473096946558
SK,J,2021,-0.4057650931111638,0.8572319623770253
SK,J,2022,0.0,1.2938055628021083
SK,J,2023,0.0,1.2993187333230738
SK,K-N,2016,-0.15899573149045843,-0.8987850559357691
SK,K-N,2017,0.6126158814856693,-0.2800184995905175
SK,K-N,2018,0.7562353174888798,-0.2215315385851735
SK,K-N,2019,0.10413698188039433,-1.9459859265678947
SK,K-N,2020,-0.1910128042480812,-0.6320109458045842
SK,K-N,2021,-0.05413951478196477,3.0600977258070206
SK,K-N,2022,-0.29780641111742323,-0.19237230994766374
SK,K-N,2023,0.14525701265713842,-0.6415230656654503
SK,P-S,2016,-0.2231435513142106,0.13623421546139491
SK,P-S,2017,1.2878542883066384,-0.8845939772763822
SK,P-S,2018,0.9093702890295816,0.8544403394014299
SK,P-S,2019,0.15415067982725805,-5.24599668021406
SK,P-S,2020,-0.3877655310087631,-8.295657903518695
SK,P-S,2021,-0.2818511521409883,4.38354496511516
SK,P-S,2022,-0.04762804898925399,-5.34908972850765
SK,P-S,2023,-0.15822400521489488,-1.0408632125511241
SI,B-E,2016,0.10885440491208165,-0.5714672630712014
SI,B-E,2017,0.0867123786318933,0.6325668358746372
SI,B-E,2018,-0.04542412511425553,-1.6293631383169305
SI,B-E,2019,-0.31148580883848265,0.2313167400853966
SI,B-E,2020,-0.10002161372564444,-1.8591593783762295
SI,B-E,2021,0.018018505502678472,-0.9962065939997711
SI,B-E,2022,-0.39720847180904606,-1.7779469985708451
SI,B-E,2023,0.23858351158686641,5.286717805597596
SI,F,2016,0.13889199886661796,-0.8162392517132355
SI,F,2017,0.1693277248027103,1.8965364877001178
SI,F,2018,0.1137746863900464,0.2072699165750036
SI,F,2019,-0.2918437255943296,-2.3023508632282086
SI,F,2020,-0.10545807187467382,-4.329611326324656
SI,F,2021,-0.09618861429544179,0.16865946888127148
SI,F,2022,0.030674007184814833,3.289788709805408
SI,F,2023,-0.030674007184814833,2.068169585101276
SI,G,2016,0.10074990310014265,-0.2732557349930387
SI,G,2017,0.16545313767451386,0.9422802877099512
SI,G,2018,-0.017001955141157765,0.47416236693168523
SI,G,2019,-0.1051007416597427,-1.203754921223965
SI,G,2020,0.041549002912872446,-2.576251996913781
SI,G,2021,-0.1425898574261817,2.338030035802652
SI,G,2022,-0.14067231832744742,-2.93961916308223
SI,G,2023,-0.19273947214065945,2.1340763119297
SI,H,2016,-0.11765804346823305,-0.1849993755463908
SI,H,2017,-0.03665931691612467,0.26671547150004526
SI,H,2018,0.42967378314550153,-1.7641284159191972
SI,H,2019,0.21628638158807245,-2.7552784738240854
SI,H,2020,-0.2653043621384876,-4.737631002114551
SI,H,2021,-0.02584958146132532,3.9604171261649945
SI,H,2022,0.32008905445926494,2.4616617795035545
SI,H,2023,-0.1862508349338441,-2.1980869235185163
SI,I,2016,0.27231459532065916,1.020791886928707
SI,I,2017,0.0909386639781955,-0.7409215353289533
SI,I,2018,0.11608169737576457,0.03196315301766672
SI,I,2019,-0.19190291547804783,-0.36148733716123704
SI,I,2020,0.01563113329351129,-32.681984473218066
SI,I,2021,-0.02316128935726436,15.198779321353106
SI,I,2022,-0.33330266185993374,15.00897336474354
SI,I,2023,0.17118381238349833,0.10620714582774138
SI,J,2016,0.033434776086236795,0.0683518619530532
SI,J,2017,-0.14213419300957852,0.4145454056371567
SI,J,2018,0.4050934299771436,-2.3355413650133605
SI,J,2019,0.28749618156919343,-1.3139334374432488
SI,J,2020,-0.45461785891885675,-1.0637878824797942
SI,J,2021,-0.20076833740920907,2.3442378872376324
SI,J,2022,0.13821963374797797,-1.221611935500544
SI,J,2023,-0.43778731343373956,-1.7450315313908615
SI,K-N,2016,-0.00400802139753953,-0.7894033581933191
SI,K-N,2017,-0.03889947961373785,-0.4560956541678096
SI,K-N,2018,0.0124482935265684,0.1473474723777901
SI,K-N,2019,0.1754249777348944,-0.7095893749537785
SI,K-N,2020,-0.2705289932255317,-0.11193873969156387
SI,K-N,2021,-0.1607864042426561,1.7305179884409938
SI,K-N,2022,-0.08761681383079178,0.5358284366905552
SI,K-N,2023,-0.12361395596717628,1.6295509093733895
SI,P-S,2016,-0.2231435513142106,-0.6814909757371979
SI,P-S,2017,0.13649574458853841,-0.7332033577183594
SI,P-S,2018,-0.17862067088920952,0.007756235232647679
SI,P-S,2019,0.2652684776148817,-0.371903719732003
SI,P-S,2020,-0.2652684776148817,-4.488963657460565
SI,P-S,2021,-0.2742996150167638,0.7260034353283151
SI,P-S,2022,0.028742468865654125,3.5319106667225375
SI,P-S,2023,-0.05657035148839373,-1.0246914807902963
ES,B-E,2016,-0.23319388716771172,-0.6491168494405009
ES,B-E,2017,0.08701137698963013,0.19822717595348038
ES,B-E,2018,-0.006968669316093745,-0.5281690617113033
ES,B-E,2019,0.10710724099276803,-0.41390877354721134
ES,B-E,2020,-0.1871499486663044,-2.4501340831338703
ES,B-E,2021,0.3257730684608049,4.050159473013393
ES,B-E,2022,0.26369568262429954,4.609430207208575
ES,B-E,2023,-0.06809291642396076,-2.458606189449153
ES,F,2016,-0.294371060602578,1.1620657423728198
ES,F,2017,-0.159759219486868,-0.5538011087896644
ES,F,2018,-0.0031545767485150478,-2.5831466762433752
ES,F,2019,-0.12074951662147981,-1.8251448562604633
ES,F,2020,-0.12314497879776898,-7.3775318903219205
ES,F,2021,0.6156214638955628,-2.5474161328897904
ES,F,2022,0.42843812127819003,0.19305058173273437
ES,F,2023,-0.13830806718776945,-1.6700077805605895
ES,G,2016,-0.20825493882045976,2.1571273728819396
ES,G,2017,0.02312945469377059,-0.003262115824798073
ES,G,2018,0.06634194813672156,0.23742348410313863
ES,G,2019,0.1599254793211422,-3.124157493625923
ES,G,2020,-0.2680425435230971,-3.5275647285732625
ES,G,2021,0.5901538594907771,3.0676526121616976
ES,G,2022,0.37820778153964074,-0.9227729396937501
ES,G,2023,0.058295874779707546,-0.6338427889122755
ES,H,2016,-0.17316361900918942,-1.9051858773771357
ES,H,2017,0.17316361900918942,-1.7006498853935126
ES,H,2018,0.2037568375140193,-0.5829802301940856
ES,H,2019,0.10372786223394126,-1.5352529758747346
ES,H,2020,-0.13437208203931572,-15.294908579868283
ES,H,2021,0.8582909212660148,2.4313388411536963
ES,H,2022,0.3593807274180829,3.3440657235141558
ES,H,2023,0.11728515165306863,2.172939313459976
ES,I,2016,-0.1154108515113279,1.2612628430567874
ES,I,2017,-0.13948139811746252,-0.9956955852356675
ES,I,2018,0.12021734630218806,-1.7100391930050196
ES,I,2019,0.21348608375089206,2.935617872725571
ES,I,2020,0.32331502641835996,-8.819163152428589
ES,I,2021,0.8597380758990631,8.194510085422358
ES,I,2022,0.1184120060526146,8.194687237226649
ES,I,2023,0.016958012363897268,0.22253897044386406
ES,J,2016,-0.27971390280260433,0.4098184279715089
ES,J,2017,0.22736742243039476,0.2676460105601852
ES,J,2018,-0.10782227178061188,-1.392037188594053
ES,J,2019,0.10782227178061188,-1.8622811911589876
ES,J,2020,-0.03648473333440627,-3.377209596768016
ES,J,2021,0.3519644132369839,-3.197225292690997
ES,J,2022,0.2669066431594267,3.7988886972523894
ES,J,2023,-0.2669066431594267,-1.7556661563082332
ES,K-N,2016,-0.055512709930259696,0.8106930222923192
ES,K-N,2017,-0.04430762535195143,0.3300025471086432
ES,K-N,2018,-0.07096798569807117,0.1581898773259649
ES,K-N,2019,0.10997618158352473,-1.4407408235822539
ES,K-N,2020,-0.06361793898141954,-1.0788215583433791
ES,K-N,2021,0.794308631998768,-0.6324778190277325
ES,K-N,2022,0.2720799250021413,0.42360758842908686
ES,K-N,2023,-0.11515491325011418,1.8337139029027338
ES,P-S,2016,-0.041864204098699176,-0.11226610037611273
ES,P-S,2017,0.1234441910911217,0.6991074416767828
ES,P-S,2018,-0.03088687267690471,-0.3597625952299177
ES,P-S,2019,-0.05771772925248264,-2.342750352188927
ES,P-S,2020,0.3100877894270475,-2.8227645865627204
ES,P-S,2021,0.8028556893604648,-4.36296661523099
ES,P-S,2022,0.09645265910841427,-0.4028932633852955
ES,P-S,2023,-0.0568756483920021,0.05999522489016362
