code,name,n_countries,profit_share,gva_over_fixed_assets,co2_t_per_eur_mn_gva,ghg_t_per_eur_mn_gva,gva_eur_mn
B-E,B-E,26,0.515234408290844,0.4231676261230028,517.6408504285471,583.5381803306134,2895878.7999999993
F,F,27,0.45115138725491377,0.68566797785452,66.59653031272057,70.13852592876009,782260.6999999998
G,G,27,0.4717004411906085,1.0286764966882247,39.04099890263453,46.95601499824826,1666354.6000000003
H,H,27,0.4877843571513958,0.25626542894878773,580.1760790296579,593.8061884177735,767094.2999999998
I,I,27,0.43134587450611106,0.7528074072811198,34.3677064800975,37.73442620921828,379741.2
J,J,27,0.46267992146993675,0.6568339694749216,7.890159396095091,8.811165461307022,770558.4000000001
K-N,K-N,5,0.6221780635895566,0.15704547585717699,10.5083563365293,11.565935629319606,177692.7
P-S,P-S,10,0.2343302777820716,0.6396461780026023,9.129573109087817,10.500568672612884,323455.0
B,Mining and quarrying,26,0.7328597854236035,0.28758060342773106,310.75907421383647,714.5710358860523,67575.00000000001
C10-C12,"Food, beverages, tobacco",14,0.43179780440075854,0.5304288532348868,178.81525867600644,225.43816421657024,138076.2
C13-C15,"Textiles, clothing, leather",15,0.4258210168520632,0.7865580238897052,102.40785720603658,106.45368357208142,47483.8
C16,Wood products,9,0.554220604099245,0.6052914025930566,64.63389091154262,74.19213727076593,14832.0
C17,Paper,9,0.6193963158222894,0.391220329244429,348.5590216630758,378.46658607383586,14434.7
C19,Coke and refined petroleum,14,0.8149926074579157,0.47856747888215473,2396.34018806323,2425.7783624664103,26310.3
C20,Chemicals,14,0.5261146709384594,0.40469171484805216,965.2577976905619,1058.8883171927525,65920.8
C21,Pharmaceuticals,13,0.7214408665933049,0.566147052384872,25.967737527337434,39.027143268961574,72153.8
C22,Rubber and plastics,9,0.38707501762776286,0.4972256943385872,78.94725083540268,97.67866734112023,13047.599999999999
C23,"Non-metallic minerals (cement, glass)",9,0.4035944616955909,0.4217406105406494,2227.441153456499,2245.083324135773,12140.899999999998
C24,Basic metals,9,0.5512849247522262,0.5024762741893396,1838.445059558626,1850.784154508033,18292.9
C25,Fabricated metal products,9,0.41676945043594493,0.7104991646772891,85.37798584318134,86.91067077801743,32917.0
C26,"Computers, electronics",14,0.5185675522109855,0.49416612842394186,11.347931344218397,23.65725515640324,53326.9
C27,Electrical equipment,14,0.3823338020413828,0.627433681379393,31.138372854978083,40.35296309947988,43950.6
C28,Machinery,14,0.4231928008051733,0.7735756763100496,30.991299328364587,35.723633540985546,121613.60000000002
C29,Motor vehicles,9,0.47690405441748496,0.39245876571305,23.992978399616923,24.21966402319434,30490.2
D,"Electricity, gas, steam",26,0.7549548783476561,0.178240882362781,2525.651154821866,2592.264629270328,289295.7
E36,Water supply,10,0.5355278626851634,0.07030902577446557,43.88594874206442,161.30225723019046,4253.0
E37-E39,"Waste, sewerage",10,0.5217336720526984,0.13784103471372525,242.60651862464186,1928.0370269990847,13541.199999999999
