group,listed_on,Coal,Gas,Oil,Nuclear,Hydro,Renewables,total_mw
RWE,Frankfurt Stock Exchange,14125.0,11358.0,0.0,0.0,434.1,2962.0,28879.0
Iberdrola,OTC Markets Group; Madrid Stock Exchange,833.5,5601.4,1434.3,4084.2,9910.9,3933.2,25797.6
Enel,OTC Markets Group; Italian Stock Exchange,7396.0,7026.9,4900.0,0.0,0.0,426.9,19749.8
Endesa,OTC Markets Group; Madrid Stock Exchange,3714.3,4188.1,3936.6,3035.8,3284.0,161.3,18320.1
PGE,Warsaw Stock Exchange,13132.0,897.0,0.0,0.0,1636.0,551.0,16216.0
E.ON,Frankfurt Stock Exchange; OTC Markets Group,7204.0,3316.4,231.0,1634.3,1167.0,968.2,14520.9
CEZ,Prague Stock Exchange; Warsaw Stock Exchange,6231.0,840.0,0.0,4173.0,1827.0,124.8,13195.8
Engie,Euronext Paris,940.0,6126.6,140.0,0.0,3111.7,716.6,11034.9
Naturgy,OTC Markets Group; Madrid Stock Exchange,2076.7,6079.9,0.0,0.0,1759.5,266.6,10182.7
PPC,Euronext Athens,4375.0,3081.0,501.0,0.0,0.0,0.0,7957.0
Orsted,Nasdaq Copenhagen A/S; OTC Markets Group,2768.0,0.0,0.0,0.0,0.0,3477.1,6245.1
Verbund,OTC Markets Group; Wiener Boerse AG,0.0,0.0,0.0,0.0,6143.4,88.0,6231.4
Enea,Warsaw Stock Exchange,5569.0,0.0,0.0,0.0,0.0,205.0,5774.0
EnBW,Frankfurt Stock Exchange,4418.5,418.0,136.0,0.0,652.9,38.3,5663.7
Fortum,OTC Markets Group,909.0,707.0,0.0,992.0,2462.0,464.0,5534.0
Uniper,Frankfurt Stock Exchange,2000.0,3017.0,0.0,0.0,41.2,0.0,5058.2
EDP,Euronext Lisbon,2519.9,2076.5,0.0,0.0,383.0,54.0,5033.4
Tauron,Warsaw Stock Exchange,4525.0,158.0,0.0,0.0,0.0,60.0,4743.0
SSE,London Stock Exchange,0.0,735.0,223.7,0.0,765.2,1783.1,3507.0
A2A,Italian Stock Exchange,336.0,2209.0,0.0,0.0,0.0,0.0,2545.0
Centrica,London Stock Exchange,0.0,2215.0,0.0,0.0,0.0,0.0,2215.0
Drax,London Stock Exchange,1980.0,75.0,0.0,0.0,0.0,0.0,2055.0
